pc_id,state,constituency_name,total_registered_voters,male_voters,female_voters,age_18_25,age_26_40,age_41_60,age_60_plus,literacy_rate_percent,last_election_turnout_percent,data_origin,anchor_level
PC001,Maharashtra,Mumbai North,1358300,670175,688125,213996,512916,418164,213224,67.77,79.32,synthetic,ECI_aggregate_estimate
PC002,Maharashtra,Mumbai South,2775463,1448481,1326982,452489,853231,854118,615625,57.81,52.99,synthetic,ECI_aggregate_estimate
PC003,Maharashtra,Mumbai North West,2479032,1246677,1232355,423121,746640,760093,549178,78.22,67.22,synthetic,ECI_aggregate_estimate
PC004,Maharashtra,Mumbai North East,2011130,1065359,945771,389029,628622,666203,327276,91.52,76.65,synthetic,ECI_aggregate_estimate
PC005,Maharashtra,Mumbai North Central,2815908,1393304,1422604,504269,1069442,836592,405605,64.8,72.61,synthetic,ECI_aggregate_estimate
PC006,Maharashtra,Mumbai South Central,1157798,556012,601786,184952,370414,369993,232439,55.97,61.55,synthetic,ECI_aggregate_estimate
PC007,Maharashtra,Pune,1640664,824404,816260,273374,580905,473314,313071,74.1,81.13,synthetic,ECI_aggregate_estimate
PC008,Maharashtra,Nagpur,1250600,601939,648661,245345,427972,356391,220892,67.55,68.74,synthetic,ECI_aggregate_estimate
PC009,Maharashtra,Thane,3062214,1511146,1551068,554951,945747,877693,683823,59.54,62.8,synthetic,ECI_aggregate_estimate
PC010,Maharashtra,Nashik,1789918,866086,923832,312933,618445,518237,340303,61.0,66.18,synthetic,ECI_aggregate_estimate
PC011,Delhi,Chandni Chowk,1934284,992448,941836,362902,588113,667029,316240,65.67,75.29,synthetic,ECI_aggregate_estimate
PC012,Delhi,New Delhi,2573428,1389318,1184110,514769,833112,890402,335145,85.68,50.91,synthetic,ECI_aggregate_estimate
PC013,Delhi,North East Delhi,1670750,815811,854939,338769,557258,560873,213850,75.29,53.5,synthetic,ECI_aggregate_estimate
PC014,Delhi,East Delhi,2809082,1439662,1369420,576084,869497,952160,411341,74.66,78.98,synthetic,ECI_aggregate_estimate
PC015,Delhi,North West Delhi,2147029,1045443,1101586,430000,716034,713718,287277,60.6,47.46,synthetic,ECI_aggregate_estimate
PC016,Delhi,West Delhi,2290381,1201244,1089137,502333,863743,781200,143105,78.52,58.72,synthetic,ECI_aggregate_estimate
PC017,Delhi,South Delhi,1937947,933256,1004691,404303,732577,587404,213663,70.17,51.39,synthetic,ECI_aggregate_estimate
PC018,Karnataka,Bangalore North,1728413,914731,813682,300394,537280,522730,368009,76.3,61.22,synthetic,ECI_aggregate_estimate
PC019,Karnataka,Bangalore Central,2004790,1030314,974476,302930,731334,634304,336222,89.64,49.55,synthetic,ECI_aggregate_estimate
PC020,Karnataka,Bangalore South,2208001,1151346,1056655,377999,736667,726285,367050,55.33,58.56,synthetic,ECI_aggregate_estimate
PC021,Karnataka,Bangalore Rural,2242955,1120271,1122684,351958,723808,736296,430893,67.43,60.7,synthetic,ECI_aggregate_estimate
PC022,Karnataka,Mysore,1196807,604937,591870,242857,433571,379964,140415,70.99,74.17,synthetic,ECI_aggregate_estimate
PC023,Karnataka,Mangalore,2840198,1429303,1410895,515919,1020382,897724,406173,72.72,63.3,synthetic,ECI_aggregate_estimate
PC024,Tamil Nadu,Chennai North,2030999,1030916,1000083,392363,704371,701997,232268,79.98,46.97,synthetic,ECI_aggregate_estimate
PC025,Tamil Nadu,Chennai South,2486777,1238207,1248570,416967,901323,802681,365806,80.25,53.84,synthetic,ECI_aggregate_estimate
PC026,Tamil Nadu,Chennai Central,3131620,1585027,1546593,659209,1124838,1024418,323155,79.44,75.2,synthetic,ECI_aggregate_estimate
PC027,Tamil Nadu,Coimbatore,3153831,1636865,1516966,484198,1006335,894606,768692,71.5,83.62,synthetic,ECI_aggregate_estimate
PC028,Tamil Nadu,Madurai,1371729,731836,639893,236740,456431,451029,227529,93.16,81.72,synthetic,ECI_aggregate_estimate
PC029,West Bengal,Kolkata North,2347622,1215518,1132104,491757,711651,728899,415315,88.72,84.71,synthetic,ECI_aggregate_estimate
PC030,West Bengal,Kolkata South,2919279,1472634,1446645,451251,933089,953005,581934,75.24,58.48,synthetic,ECI_aggregate_estimate
PC031,West Bengal,Howrah,1974952,995831,979121,303422,686267,625414,359849,86.87,50.4,synthetic,ECI_aggregate_estimate
PC032,West Bengal,Darjeeling,1820786,935389,885397,332904,589518,599967,298397,62.32,52.78,synthetic,ECI_aggregate_estimate
PC033,Gujarat,Ahmedabad East,3138920,1645786,1493134,653786,1147729,1088621,248784,90.4,53.96,synthetic,ECI_aggregate_estimate
PC034,Gujarat,Ahmedabad West,2950238,1542796,1407442,610978,1094163,1017284,227813,58.18,81.53,synthetic,ECI_aggregate_estimate
PC035,Gujarat,Surat,1248618,616983,631635,195289,417674,374585,261070,68.91,55.3,synthetic,ECI_aggregate_estimate
PC036,Gujarat,Vadodara,1620370,778037,842333,352779,504310,534722,228559,92.35,52.91,synthetic,ECI_aggregate_estimate
PC037,Rajasthan,Jaipur,1834263,971421,862842,385195,632578,590310,226180,87.71,73.11,synthetic,ECI_aggregate_estimate
PC038,Rajasthan,Jaipur Rural,1058532,509738,548794,190178,347070,338188,183096,60.63,71.35,synthetic,ECI_aggregate_estimate
PC039,Rajasthan,Jodhpur,2237959,1118505,1119454,344279,727697,719968,446015,55.71,74.44,synthetic,ECI_aggregate_estimate
PC040,Rajasthan,Udaipur,1118692,562115,556577,203103,381723,337568,196298,90.6,59.14,synthetic,ECI_aggregate_estimate
PC041,Uttar Pradesh,Lucknow,2826796,1368284,1458512,456723,949517,841705,578851,59.28,71.89,synthetic,ECI_aggregate_estimate
PC042,Uttar Pradesh,Kanpur,2011947,965867,1046080,366776,641751,581709,421711,70.42,71.72,synthetic,ECI_aggregate_estimate
PC043,Uttar Pradesh,Varanasi,2225872,1119980,1105892,385940,827959,637198,374775,64.6,54.65,synthetic,ECI_aggregate_estimate
PC044,Uttar Pradesh,Allahabad,2002930,1071930,931000,352764,755361,605069,289736,69.98,72.12,synthetic,ECI_aggregate_estimate
PC045,Uttar Pradesh,Agra,1312901,685376,627525,215670,453666,396855,246710,65.18,84.48,synthetic,ECI_aggregate_estimate
PC046,Uttar Pradesh,Meerut,1901457,965310,936147,329562,619477,539697,412721,74.54,57.5,synthetic,ECI_aggregate_estimate
PC047,Uttar Pradesh,Ghaziabad,2918065,1400671,1517394,439202,1016465,869110,593288,69.8,67.54,synthetic,ECI_aggregate_estimate
PC048,Uttar Pradesh,Noida,2740290,1330158,1410132,523161,849169,927538,440422,73.45,52.25,synthetic,ECI_aggregate_estimate
PC049,Telangana,Hyderabad,1837640,951995,885645,335258,588190,522219,391973,69.6,84.8,synthetic,ECI_aggregate_estimate
PC050,Telangana,Secunderabad,2267102,1174640,1092462,433967,854749,672050,306336,63.42,68.9,synthetic,ECI_aggregate_estimate
PC051,Kerala,Thiruvananthapuram,3157075,1580762,1576313,487030,1106105,1000492,563448,61.72,79.95,synthetic,ECI_aggregate_estimate
PC052,Kerala,Ernakulam,2395731,1177234,1218497,470506,754587,699344,471294,68.63,59.54,synthetic,ECI_aggregate_estimate
PC053,Kerala,Thrissur,1510231,814394,695837,313803,530605,526912,138911,58.17,71.13,synthetic,ECI_aggregate_estimate
PC054,Punjab,Amritsar,1157925,562659,595266,213904,380416,336596,227009,61.82,73.99,synthetic,ECI_aggregate_estimate
PC055,Punjab,Ludhiana,1230203,654995,575208,227109,452989,354093,196012,76.76,71.16,synthetic,ECI_aggregate_estimate
PC056,Haryana,Gurugram,2202266,1106546,1095720,470435,819848,702403,209580,90.67,52.49,synthetic,ECI_aggregate_estimate
PC057,Haryana,Faridabad,2665269,1375344,1289925,491691,980237,888553,304788,69.78,84.66,synthetic,ECI_aggregate_estimate
PC058,Bihar,Patna Sahib,1001460,497120,504340,195713,327890,306124,171733,60.8,69.69,synthetic,ECI_aggregate_estimate
PC059,Bihar,Gaya,2794072,1393398,1400674,604406,1043511,859190,286965,72.36,77.61,synthetic,ECI_aggregate_estimate
PC060,Madhya Pradesh,Bhopal,2694532,1345355,1349177,551203,889620,898602,355107,75.16,76.6,synthetic,ECI_aggregate_estimate
PC061,Madhya Pradesh,Indore,1628261,810515,817746,312959,548366,520962,245974,81.49,70.2,synthetic,ECI_aggregate_estimate
PC062,Andhra Pradesh,Visakhapatnam,2253520,1123657,1129863,362560,784143,671083,435734,76.28,77.81,synthetic,ECI_aggregate_estimate
PC063,Andhra Pradesh,Vijayawada,1369606,675799,693807,291457,476885,407031,194233,92.57,65.61,synthetic,ECI_aggregate_estimate
PC064,Maharashtra,Maharashtra 1,1177757,614589,563168,217280,444004,359066,157407,94.76,69.5,synthetic,ECI_aggregate_estimate
PC065,West Bengal,West Bengal 2,1063405,549036,514369,200412,349126,298424,215443,88.65,68.38,synthetic,ECI_aggregate_estimate
PC066,Bihar,Bihar 3,2077885,1037417,1040468,359636,633963,715405,368881,64.51,70.17,synthetic,ECI_aggregate_estimate
PC067,Madhya Pradesh,Madhya Pradesh 4,1246681,613990,632691,201928,431510,409384,203859,76.8,59.23,synthetic,ECI_aggregate_estimate
PC068,Tamil Nadu,Tamil Nadu 5,1541231,786738,754493,302738,566648,492211,179634,78.4,84.38,synthetic,ECI_aggregate_estimate
PC069,Rajasthan,Rajasthan 6,2774284,1406561,1367723,478615,839771,944122,511776,58.84,68.74,synthetic,ECI_aggregate_estimate
PC070,Karnataka,Karnataka 7,1321636,653169,668467,277128,492333,376490,175685,58.67,68.25,synthetic,ECI_aggregate_estimate
PC071,Gujarat,Gujarat 8,2511042,1209546,1301496,451987,937602,796407,325046,55.39,61.3,synthetic,ECI_aggregate_estimate
PC072,Andhra Pradesh,Andhra Pradesh 9,1518474,799583,718891,303087,499401,514106,201880,93.72,77.9,synthetic,ECI_aggregate_estimate
PC073,Odisha,Odisha 10,1906106,915109,990997,363761,717214,550610,274521,79.5,46.47,synthetic,ECI_aggregate_estimate
PC074,Telangana,Telangana 11,1174709,588028,586681,199700,414573,330495,229941,66.18,74.4,synthetic,ECI_aggregate_estimate
PC075,Kerala,Kerala 12,2122131,1131408,990723,407712,678523,614675,421221,76.4,68.55,synthetic,ECI_aggregate_estimate
PC076,Jharkhand,Jharkhand 13,2569156,1383293,1185863,398985,959299,790858,420014,89.3,51.84,synthetic,ECI_aggregate_estimate
PC077,Assam,Assam 14,2266739,1142079,1124660,442902,680357,686860,456620,78.86,55.55,synthetic,ECI_aggregate_estimate
PC078,Punjab,Punjab 15,1490204,721309,768895,228801,453162,513551,294690,88.38,65.47,synthetic,ECI_aggregate_estimate
PC079,Chhattisgarh,Chhattisgarh 16,1938291,1025040,913251,350216,667350,651241,269484,59.46,73.89,synthetic,ECI_aggregate_estimate
PC080,Haryana,Haryana 17,2231792,1144908,1086884,460731,757245,661885,351931,56.48,81.4,synthetic,ECI_aggregate_estimate
PC081,Uttarakhand,Uttarakhand 18,2851786,1421779,1430007,473848,1066758,973762,337418,90.23,77.93,synthetic,ECI_aggregate_estimate
PC082,Himachal Pradesh,Himachal Pradesh 19,1412113,691765,720348,217008,527694,457173,210238,89.9,55.2,synthetic,ECI_aggregate_estimate
PC083,Tripura,Tripura 20,1609411,789393,820018,348273,596987,463140,201011,73.69,75.32,synthetic,ECI_aggregate_estimate
PC084,Meghalaya,Meghalaya 21,2594619,1293892,1300727,482864,956133,730965,424657,78.53,51.34,synthetic,ECI_aggregate_estimate
PC085,Manipur,Manipur 22,1905266,965923,939343,380453,577267,589797,357749,67.8,76.53,synthetic,ECI_aggregate_estimate
PC086,Nagaland,Nagaland 23,2849308,1534664,1314644,583936,1018603,995626,251143,82.17,68.53,synthetic,ECI_aggregate_estimate
PC087,Goa,Goa 24,2426196,1247590,1178606,484748,867661,785786,288001,90.98,54.21,synthetic,ECI_aggregate_estimate
PC088,Arunachal Pradesh,Arunachal Pradesh 25,3026758,1627382,1399376,555854,1013963,849480,607461,74.37,77.57,synthetic,ECI_aggregate_estimate
PC089,Mizoram,Mizoram 26,2945909,1587850,1358059,527732,1056867,910737,450573,88.64,84.93,synthetic,ECI_aggregate_estimate
PC090,Sikkim,Sikkim 27,2485977,1278672,1207305,447458,914554,735232,388733,58.95,78.21,synthetic,ECI_aggregate_estimate
PC091,Jammu and Kashmir,Jammu and Kashmir 28,2254700,1212950,1041750,352074,717537,758800,426289,72.91,59.39,synthetic,ECI_aggregate_estimate
PC092,Ladakh,Ladakh 29,2103515,1074180,1029335,325289,727559,591905,458762,64.3,63.1,synthetic,ECI_aggregate_estimate
PC093,Uttar Pradesh,Uttar Pradesh 30,2344097,1235716,1108381,401468,751819,710523,480287,69.68,48.16,synthetic,ECI_aggregate_estimate
PC094,Maharashtra,Maharashtra 31,2624855,1367212,1257643,476346,801099,882051,465359,75.37,48.86,synthetic,ECI_aggregate_estimate
PC095,West Bengal,West Bengal 32,1865346,904155,961191,280171,583067,651661,350447,93.85,74.84,synthetic,ECI_aggregate_estimate
PC096,Bihar,Bihar 33,3170111,1533339,1636772,517942,1088257,1051092,512820,73.34,84.88,synthetic,ECI_aggregate_estimate
PC097,Madhya Pradesh,Madhya Pradesh 34,2592093,1257694,1334399,511544,905454,852445,322650,91.28,68.33,synthetic,ECI_aggregate_estimate
PC098,Tamil Nadu,Tamil Nadu 35,1151912,563956,587956,182574,417374,359222,192742,78.97,83.92,synthetic,ECI_aggregate_estimate
PC099,Rajasthan,Rajasthan 36,2765140,1340996,1424144,433567,902125,905917,523531,92.1,73.87,synthetic,ECI_aggregate_estimate
PC100,Karnataka,Karnataka 37,1124697,579302,545395,194467,404489,387894,137847,77.11,48.96,synthetic,ECI_aggregate_estimate
PC101,Gujarat,Gujarat 38,1180831,595767,585064,177715,413229,345384,244503,80.57,59.85,synthetic,ECI_aggregate_estimate
PC102,Andhra Pradesh,Andhra Pradesh 39,905912,475844,430068,175249,319159,268526,142978,81.9,46.36,synthetic,ECI_aggregate_estimate
PC103,Odisha,Odisha 40,1173582,591641,581941,254553,425562,329138,164329,91.52,83.78,synthetic,ECI_aggregate_estimate
PC104,Telangana,Telangana 41,1884991,958941,926050,406654,712117,617690,148530,81.25,69.24,synthetic,ECI_aggregate_estimate
PC105,Kerala,Kerala 42,3147578,1567632,1579946,490921,1055751,937505,663401,60.97,68.12,synthetic,ECI_aggregate_estimate
PC106,Jharkhand,Jharkhand 43,3137962,1577234,1560728,649020,1152967,925154,410821,62.78,83.33,synthetic,ECI_aggregate_estimate
PC107,Assam,Assam 44,2554939,1284724,1270215,515307,950721,836956,251955,78.51,47.94,synthetic,ECI_aggregate_estimate
PC108,Punjab,Punjab 45,1819434,933731,885703,297902,570085,628392,323055,86.81,67.17,synthetic,ECI_aggregate_estimate
PC109,Chhattisgarh,Chhattisgarh 46,1478372,710476,767896,319569,485321,510396,163086,55.22,74.4,synthetic,ECI_aggregate_estimate
PC110,Haryana,Haryana 47,1144890,617159,527731,173073,389465,329145,253207,88.19,57.86,synthetic,ECI_aggregate_estimate
PC111,Uttarakhand,Uttarakhand 48,1950062,979678,970384,395814,611841,601339,341068,90.8,45.2,synthetic,ECI_aggregate_estimate
PC112,Himachal Pradesh,Himachal Pradesh 49,1238154,610332,627822,252479,378958,384514,222203,66.5,58.9,synthetic,ECI_aggregate_estimate
PC113,Tripura,Tripura 50,1496127,745006,751121,258242,478089,445573,314223,58.1,59.13,synthetic,ECI_aggregate_estimate
PC114,Meghalaya,Meghalaya 51,2319893,1201814,1118079,452595,722916,682364,462018,59.29,69.73,synthetic,ECI_aggregate_estimate
PC115,Manipur,Manipur 52,1538428,748280,790148,299694,472272,478709,287753,61.44,67.7,synthetic,ECI_aggregate_estimate
PC116,Nagaland,Nagaland 53,1281683,691159,590524,257283,433608,382998,207794,86.19,55.55,synthetic,ECI_aggregate_estimate
PC117,Goa,Goa 54,2048811,1010145,1038666,415373,746496,716113,170829,76.64,66.59,synthetic,ECI_aggregate_estimate
PC118,Arunachal Pradesh,Arunachal Pradesh 55,2697479,1392418,1305061,559903,866457,796462,474657,79.29,70.2,synthetic,ECI_aggregate_estimate
PC119,Mizoram,Mizoram 56,1729366,928981,800385,283896,588080,525543,331847,82.42,73.76,synthetic,ECI_aggregate_estimate
PC120,Sikkim,Sikkim 57,2901400,1444612,1456788,604524,878123,814534,604219,69.67,78.64,synthetic,ECI_aggregate_estimate
PC121,Jammu and Kashmir,Jammu and Kashmir 58,1818418,954617,863801,273055,630485,618412,296466,76.6,58.85,synthetic,ECI_aggregate_estimate
PC122,Ladakh,Ladakh 59,2352221,1168301,1183920,468048,880656,749496,254021,90.45,59.54,synthetic,ECI_aggregate_estimate
PC123,Uttar Pradesh,Uttar Pradesh 60,1664990,802111,862879,365779,532487,559378,207346,66.39,57.48,synthetic,ECI_aggregate_estimate
PC124,Maharashtra,Maharashtra 61,1369305,660066,709239,263621,427714,466417,211553,70.39,56.47,synthetic,ECI_aggregate_estimate
PC125,West Bengal,West Bengal 62,1484244,765551,718693,269677,544199,448272,222096,94.72,45.51,synthetic,ECI_aggregate_estimate
PC126,Bihar,Bihar 63,1464012,746168,717844,271690,448886,509053,234383,89.47,74.58,synthetic,ECI_aggregate_estimate
PC127,Madhya Pradesh,Madhya Pradesh 64,2968838,1582828,1386010,495201,1103833,945630,424174,60.46,60.26,synthetic,ECI_aggregate_estimate
PC128,Tamil Nadu,Tamil Nadu 65,2361996,1255745,1106251,425383,795752,716598,424263,72.35,71.94,synthetic,ECI_aggregate_estimate
PC129,Rajasthan,Rajasthan 66,1140007,556363,583644,184688,394663,362933,197723,60.7,62.41,synthetic,ECI_aggregate_estimate
PC130,Karnataka,Karnataka 67,2798475,1510761,1287714,572993,1003301,866252,355929,86.77,48.13,synthetic,ECI_aggregate_estimate
PC131,Gujarat,Gujarat 68,2818969,1427743,1391226,423695,1042888,915515,436871,78.85,55.52,synthetic,ECI_aggregate_estimate
PC132,Andhra Pradesh,Andhra Pradesh 69,2172742,1161391,1011351,405484,707447,636184,423627,63.8,59.49,synthetic,ECI_aggregate_estimate
PC133,Odisha,Odisha 70,1266025,635612,630413,209980,386736,411985,257324,64.67,73.37,synthetic,ECI_aggregate_estimate
PC134,Telangana,Telangana 71,1254939,668393,586546,206593,401396,372161,274789,74.7,77.94,synthetic,ECI_aggregate_estimate
PC135,Kerala,Kerala 72,2534466,1291800,1242666,444378,773737,738218,578133,78.92,56.68,synthetic,ECI_aggregate_estimate
PC136,Jharkhand,Jharkhand 73,1197493,593634,603859,220982,416509,393144,166858,68.87,79.33,synthetic,ECI_aggregate_estimate
PC137,Assam,Assam 74,2530190,1299887,1230303,541372,837534,729608,421676,63.12,76.97,synthetic,ECI_aggregate_estimate
PC138,Punjab,Punjab 75,2345530,1178188,1167342,496633,840266,660844,347787,59.62,68.6,synthetic,ECI_aggregate_estimate
PC139,Chhattisgarh,Chhattisgarh 76,2986860,1479412,1507448,502226,954493,852999,677142,57.57,71.57,synthetic,ECI_aggregate_estimate
PC140,Haryana,Haryana 77,1932635,1023445,909190,334089,579790,667097,351659,73.42,50.58,synthetic,ECI_aggregate_estimate
PC141,Uttarakhand,Uttarakhand 78,2807076,1396508,1410568,545192,864479,969193,428212,69.8,46.0,synthetic,ECI_aggregate_estimate
PC142,Himachal Pradesh,Himachal Pradesh 79,2296508,1116647,1179861,426135,855582,730078,284713,60.11,53.68,synthetic,ECI_aggregate_estimate
PC143,Tripura,Tripura 80,2545373,1273331,1272042,513479,797842,842424,391628,67.17,82.27,synthetic,ECI_aggregate_estimate
PC144,Meghalaya,Meghalaya 81,1334504,665706,668798,274194,463539,449103,147668,93.53,65.24,synthetic,ECI_aggregate_estimate
PC145,Manipur,Manipur 82,1273918,641767,632151,207131,442875,397899,226013,63.21,59.2,synthetic,ECI_aggregate_estimate
PC146,Nagaland,Nagaland 83,1722374,864945,857429,347717,641067,591386,142204,76.75,48.23,synthetic,ECI_aggregate_estimate
PC147,Goa,Goa 84,2708133,1362092,1346041,555085,909068,830469,413511,73.82,80.8,synthetic,ECI_aggregate_estimate
PC148,Arunachal Pradesh,Arunachal Pradesh 85,1147108,562082,585026,234010,362959,357764,192375,77.76,65.42,synthetic,ECI_aggregate_estimate
PC149,Mizoram,Mizoram 86,2025633,1044876,980757,418507,607753,660316,339057,89.97,59.9,synthetic,ECI_aggregate_estimate
PC150,Sikkim,Sikkim 87,2520506,1245616,1274890,450138,844146,786527,439695,86.38,48.29,synthetic,ECI_aggregate_estimate
PC151,Jammu and Kashmir,Jammu and Kashmir 88,1809095,904373,904722,354848,684284,601683,168280,78.78,70.61,synthetic,ECI_aggregate_estimate
PC152,Ladakh,Ladakh 89,1315103,642016,673087,230473,468932,429495,186203,79.31,63.19,synthetic,ECI_aggregate_estimate
PC153,Uttar Pradesh,Uttar Pradesh 90,898884,441284,457600,162168,287977,304045,144694,76.57,61.3,synthetic,ECI_aggregate_estimate
PC154,Maharashtra,Maharashtra 91,1937994,1021751,916243,366909,659990,627378,283717,91.87,59.79,synthetic,ECI_aggregate_estimate
PC155,West Bengal,West Bengal 92,1200503,599198,601305,249815,412689,337378,200621,56.58,55.23,synthetic,ECI_aggregate_estimate
PC156,Bihar,Bihar 93,1115973,600911,515062,222281,373023,362403,158266,60.49,83.28,synthetic,ECI_aggregate_estimate
PC157,Madhya Pradesh,Madhya Pradesh 94,1298136,672812,625324,222740,400357,404903,270136,78.91,68.31,synthetic,ECI_aggregate_estimate
PC158,Tamil Nadu,Tamil Nadu 95,2761061,1413929,1347132,595520,834789,935601,395151,81.58,75.65,synthetic,ECI_aggregate_estimate
PC159,Rajasthan,Rajasthan 96,2144820,1153733,991087,445904,781962,748927,168027,67.25,61.35,synthetic,ECI_aggregate_estimate
PC160,Karnataka,Karnataka 97,1256363,653852,602511,203530,462377,390241,200215,73.68,71.28,synthetic,ECI_aggregate_estimate
PC161,Gujarat,Gujarat 98,2497944,1277991,1219953,524394,771450,743881,458219,78.27,64.33,synthetic,ECI_aggregate_estimate
PC162,Andhra Pradesh,Andhra Pradesh 99,2067203,1031345,1035858,313811,747519,710600,295273,68.55,76.57,synthetic,ECI_aggregate_estimate
PC163,Odisha,Odisha 100,2459637,1282288,1177349,503330,775821,817917,362569,58.48,57.4,synthetic,ECI_aggregate_estimate
PC164,Telangana,Telangana 101,2838417,1375541,1462876,527335,945333,961189,404560,60.37,69.0,synthetic,ECI_aggregate_estimate
PC165,Kerala,Kerala 102,1574627,816983,757644,301280,483534,473980,315833,93.4,62.99,synthetic,ECI_aggregate_estimate
PC166,Jharkhand,Jharkhand 103,2470396,1218133,1252263,525794,810815,845944,287843,76.35,65.38,synthetic,ECI_aggregate_estimate
PC167,Assam,Assam 104,1986673,1015264,971409,380871,750890,691751,163161,80.65,47.78,synthetic,ECI_aggregate_estimate
PC168,Punjab,Punjab 105,1687905,857323,830582,311398,523048,535142,318317,71.89,56.73,synthetic,ECI_aggregate_estimate
PC169,Chhattisgarh,Chhattisgarh 106,2299088,1108142,1190946,378967,797428,796042,326651,92.11,57.67,synthetic,ECI_aggregate_estimate
PC170,Haryana,Haryana 107,1393888,703615,690273,266729,433510,455405,238244,75.65,45.7,synthetic,ECI_aggregate_estimate
PC171,Uttarakhand,Uttarakhand 108,2038603,1007336,1031267,354076,708880,708127,267520,78.23,78.2,synthetic,ECI_aggregate_estimate
PC172,Himachal Pradesh,Himachal Pradesh 109,966489,504131,462358,151921,294994,307425,212149,93.56,72.93,synthetic,ECI_aggregate_estimate
PC173,Tripura,Tripura 110,1452497,762570,689927,275974,460289,443972,272262,57.37,79.86,synthetic,ECI_aggregate_estimate
PC174,Meghalaya,Meghalaya 111,1092504,569615,522889,230898,401768,331775,128063,88.83,53.39,synthetic,ECI_aggregate_estimate
PC175,Manipur,Manipur 112,3037086,1600804,1436282,625692,983180,946447,481767,85.54,45.21,synthetic,ECI_aggregate_estimate
PC176,Nagaland,Nagaland 113,1264648,679073,585575,190700,475499,367181,231268,75.45,52.93,synthetic,ECI_aggregate_estimate
PC177,Goa,Goa 114,1083816,541604,542212,231387,359894,326994,165541,81.87,55.23,synthetic,ECI_aggregate_estimate
PC178,Arunachal Pradesh,Arunachal Pradesh 115,1137324,551973,585351,201542,353700,389114,192968,57.85,65.16,synthetic,ECI_aggregate_estimate
PC179,Mizoram,Mizoram 116,3092589,1572933,1519656,523063,1007863,889291,672372,58.86,77.87,synthetic,ECI_aggregate_estimate
PC180,Sikkim,Sikkim 117,2859684,1385493,1474191,562892,1035730,908988,352074,91.15,73.42,synthetic,ECI_aggregate_estimate
PC181,Jammu and Kashmir,Jammu and Kashmir 118,1389236,700461,688775,285383,489521,405973,208359,84.54,84.64,synthetic,ECI_aggregate_estimate
PC182,Ladakh,Ladakh 119,2875810,1429266,1446544,500035,901880,931266,542629,57.21,53.96,synthetic,ECI_aggregate_estimate
PC183,Uttar Pradesh,Uttar Pradesh 120,2607698,1377502,1230196,490264,968443,890202,258789,84.88,77.21,synthetic,ECI_aggregate_estimate
PC184,Maharashtra,Maharashtra 121,3115853,1573171,1542682,559299,1020124,876909,659521,70.43,63.47,synthetic,ECI_aggregate_estimate
PC185,West Bengal,West Bengal 122,1450746,722470,728276,263533,459562,414212,313439,66.52,65.76,synthetic,ECI_aggregate_estimate
PC186,Bihar,Bihar 123,1375388,694614,680774,218104,510932,416855,229497,72.26,61.19,synthetic,ECI_aggregate_estimate
PC187,Madhya Pradesh,Madhya Pradesh 124,1151528,584434,567094,222391,385875,328353,214909,81.52,48.14,synthetic,ECI_aggregate_estimate
PC188,Tamil Nadu,Tamil Nadu 125,1945545,1040261,905284,353577,693520,675830,222618,87.41,72.4,synthetic,ECI_aggregate_estimate
PC189,Rajasthan,Rajasthan 126,1999645,978304,1021341,340583,748447,589308,321307,77.78,65.39,synthetic,ECI_aggregate_estimate
PC190,Karnataka,Karnataka 127,1662546,847385,815161,256462,603390,547725,254969,94.84,45.12,synthetic,ECI_aggregate_estimate
PC191,Gujarat,Gujarat 128,2342603,1178746,1163857,403446,740973,749632,448552,73.27,68.55,synthetic,ECI_aggregate_estimate
PC192,Andhra Pradesh,Andhra Pradesh 129,3025135,1579767,1445368,648092,1019355,907540,450148,68.94,51.34,synthetic,ECI_aggregate_estimate
PC193,Odisha,Odisha 130,3146848,1651508,1495340,534395,957716,1007769,646968,71.67,73.68,synthetic,ECI_aggregate_estimate
PC194,Telangana,Telangana 131,2707582,1409020,1298562,459151,845144,822874,580413,74.15,73.5,synthetic,ECI_aggregate_estimate
PC195,Kerala,Kerala 132,2548569,1304887,1243682,418414,939081,735940,455134,62.42,81.9,synthetic,ECI_aggregate_estimate
PC196,Jharkhand,Jharkhand 133,2544242,1253301,1290941,398443,808211,744687,592901,91.96,80.13,synthetic,ECI_aggregate_estimate
PC197,Assam,Assam 134,2110429,1038004,1072425,411534,697367,672076,329452,74.92,68.78,synthetic,ECI_aggregate_estimate
PC198,Punjab,Punjab 135,2687795,1329841,1357954,433251,918160,849106,487278,66.82,50.79,synthetic,ECI_aggregate_estimate
PC199,Chhattisgarh,Chhattisgarh 136,1478553,774780,703773,314114,493375,460404,210660,89.51,54.53,synthetic,ECI_aggregate_estimate
PC200,Haryana,Haryana 137,1827959,932135,895824,337895,670372,619412,200280,91.42,75.39,synthetic,ECI_aggregate_estimate
PC201,Uttarakhand,Uttarakhand 138,1060877,513222,547655,183742,363271,298486,215378,61.74,62.9,synthetic,ECI_aggregate_estimate
PC202,Himachal Pradesh,Himachal Pradesh 139,1995771,1007343,988428,386494,627911,631167,350199,55.49,59.78,synthetic,ECI_aggregate_estimate
PC203,Tripura,Tripura 140,3049486,1497951,1551535,621716,1032316,862400,533054,65.18,47.21,synthetic,ECI_aggregate_estimate
PC204,Meghalaya,Meghalaya 141,1567168,792460,774708,243582,474006,458410,391170,68.57,75.8,synthetic,ECI_aggregate_estimate
PC205,Manipur,Manipur 142,1606752,853887,752865,334621,533887,519009,219235,56.25,77.73,synthetic,ECI_aggregate_estimate
PC206,Nagaland,Nagaland 143,2652091,1301236,1350855,566159,893375,850133,342424,88.6,75.62,synthetic,ECI_aggregate_estimate
PC207,Goa,Goa 144,2361522,1169593,1191929,420633,744166,807054,389669,79.3,65.4,synthetic,ECI_aggregate_estimate
PC208,Arunachal Pradesh,Arunachal Pradesh 145,1338386,675721,662665,260188,486777,409432,181989,85.27,81.45,synthetic,ECI_aggregate_estimate
PC209,Mizoram,Mizoram 146,2561221,1281745,1279476,438092,872524,786341,464264,58.52,45.12,synthetic,ECI_aggregate_estimate
PC210,Sikkim,Sikkim 147,1500895,726200,774695,289120,491552,487521,232702,55.27,78.27,synthetic,ECI_aggregate_estimate
PC211,Jammu and Kashmir,Jammu and Kashmir 148,1032311,537257,495054,227087,374082,318957,112185,55.79,49.1,synthetic,ECI_aggregate_estimate
PC212,Ladakh,Ladakh 149,3196502,1719070,1477432,487741,1213481,1094953,400327,87.37,52.84,synthetic,ECI_aggregate_estimate
PC213,Uttar Pradesh,Uttar Pradesh 150,3044224,1563007,1481217,508314,938467,907322,690121,69.39,65.91,synthetic,ECI_aggregate_estimate
PC214,Maharashtra,Maharashtra 151,3138030,1560345,1577685,592518,1007307,972287,565918,67.51,57.81,synthetic,ECI_aggregate_estimate
PC215,West Bengal,West Bengal 152,1906602,938364,968238,315493,578725,539454,472930,78.83,76.94,synthetic,ECI_aggregate_estimate
PC216,Bihar,Bihar 153,2043657,1069208,974449,374394,771265,617095,280903,85.0,78.58,synthetic,ECI_aggregate_estimate
PC217,Madhya Pradesh,Madhya Pradesh 154,2215281,1168239,1047042,392338,795224,722144,305575,86.43,71.61,synthetic,ECI_aggregate_estimate
PC218,Tamil Nadu,Tamil Nadu 155,2422592,1282051,1140541,516034,836817,813997,255744,64.89,56.6,synthetic,ECI_aggregate_estimate
PC219,Rajasthan,Rajasthan 156,2986809,1525670,1461139,636404,1090500,889706,370199,78.47,80.87,synthetic,ECI_aggregate_estimate
PC220,Karnataka,Karnataka 157,1972278,961040,1011238,344181,704559,588612,334926,79.78,74.83,synthetic,ECI_aggregate_estimate
PC221,Gujarat,Gujarat 158,1498881,757398,741483,312756,491271,483116,211738,78.79,73.44,synthetic,ECI_aggregate_estimate
PC222,Andhra Pradesh,Andhra Pradesh 159,1593127,834266,758861,331874,485993,471620,303640,60.11,84.2,synthetic,ECI_aggregate_estimate
PC223,Odisha,Odisha 160,1244971,616066,628905,262877,381934,360422,239738,89.37,73.15,synthetic,ECI_aggregate_estimate
PC224,Telangana,Telangana 161,3153280,1561079,1592201,574600,1105973,1101318,371389,63.37,75.7,synthetic,ECI_aggregate_estimate
PC225,Kerala,Kerala 162,926228,473650,452578,165062,337993,307977,115196,79.42,61.13,synthetic,ECI_aggregate_estimate
PC226,Jharkhand,Jharkhand 163,2662344,1394237,1268107,426657,822207,801277,612203,67.43,54.0,synthetic,ECI_aggregate_estimate
PC227,Assam,Assam 164,3135173,1557951,1577222,687937,1064348,1024295,358593,86.65,47.44,synthetic,ECI_aggregate_estimate
PC228,Punjab,Punjab 165,1227824,646497,581327,253602,385217,363453,225552,70.99,57.7,synthetic,ECI_aggregate_estimate
PC229,Chhattisgarh,Chhattisgarh 166,1285442,652609,632833,268525,475907,392355,148655,68.1,72.53,synthetic,ECI_aggregate_estimate
PC230,Haryana,Haryana 167,954542,508600,445942,185183,324538,330095,114726,64.76,51.86,synthetic,ECI_aggregate_estimate
PC231,Uttarakhand,Uttarakhand 168,1867252,908403,958849,361418,703656,605967,196211,86.2,56.66,synthetic,ECI_aggregate_estimate
PC232,Himachal Pradesh,Himachal Pradesh 169,2248959,1102257,1146702,470365,788554,768706,221334,78.53,49.9,synthetic,ECI_aggregate_estimate
PC233,Tripura,Tripura 170,2516598,1335689,1180909,440748,823654,858523,393673,61.8,51.52,synthetic,ECI_aggregate_estimate
PC234,Meghalaya,Meghalaya 171,2521245,1255381,1265864,515719,888637,818736,298153,81.41,48.93,synthetic,ECI_aggregate_estimate
PC235,Manipur,Manipur 172,1061855,514655,547200,176055,387410,325168,173222,90.77,71.8,synthetic,ECI_aggregate_estimate
PC236,Nagaland,Nagaland 173,1333902,664079,669823,219463,470866,433968,209605,90.34,71.8,synthetic,ECI_aggregate_estimate
PC237,Goa,Goa 174,2697361,1385873,1311488,418548,928431,758479,591903,56.22,45.39,synthetic,ECI_aggregate_estimate
PC238,Arunachal Pradesh,Arunachal Pradesh 175,1822004,958905,863099,335633,625257,556978,304136,70.53,64.38,synthetic,ECI_aggregate_estimate
PC239,Mizoram,Mizoram 176,1215150,646078,569072,190861,432555,420545,171189,76.76,52.38,synthetic,ECI_aggregate_estimate
PC240,Sikkim,Sikkim 177,939303,480418,458885,173613,306315,290932,168443,69.55,70.19,synthetic,ECI_aggregate_estimate
PC241,Jammu and Kashmir,Jammu and Kashmir 178,1445785,721401,724384,291500,521874,466016,166395,67.23,49.44,synthetic,ECI_aggregate_estimate
PC242,Ladakh,Ladakh 179,2695170,1402310,1292860,556999,958441,915799,263931,69.3,68.13,synthetic,ECI_aggregate_estimate
PC243,Uttar Pradesh,Uttar Pradesh 180,1120093,538567,581526,209476,377426,354160,179031,64.77,46.79,synthetic,ECI_aggregate_estimate
PC244,Maharashtra,Maharashtra 181,3100899,1499615,1601284,581272,1014521,872392,632714,79.7,51.35,synthetic,ECI_aggregate_estimate
PC245,West Bengal,West Bengal 182,2924164,1491437,1432727,592677,1047341,991319,292827,77.37,64.37,synthetic,ECI_aggregate_estimate
PC246,Bihar,Bihar 183,1151431,560258,591173,176815,354900,372194,247522,94.9,59.32,synthetic,ECI_aggregate_estimate
PC247,Madhya Pradesh,Madhya Pradesh 184,1532020,786002,746018,322183,565240,499340,145257,65.14,79.77,synthetic,ECI_aggregate_estimate
PC248,Tamil Nadu,Tamil Nadu 185,1387896,676213,711683,219829,478212,401390,288465,94.9,83.74,synthetic,ECI_aggregate_estimate
PC249,Rajasthan,Rajasthan 186,1859856,1001411,858445,316175,610096,589259,344326,67.23,71.0,synthetic,ECI_aggregate_estimate
PC250,Karnataka,Karnataka 187,2023213,1063130,960083,322299,625158,622026,453730,75.66,81.34,synthetic,ECI_aggregate_estimate
PC251,Gujarat,Gujarat 188,3075104,1507967,1567137,560742,1041568,981669,491125,73.6,72.3,synthetic,ECI_aggregate_estimate
PC252,Andhra Pradesh,Andhra Pradesh 189,1120129,561446,558683,185368,396663,345759,192339,67.5,61.41,synthetic,ECI_aggregate_estimate
PC253,Odisha,Odisha 190,1579184,824924,754260,269235,552006,490203,267740,64.22,48.54,synthetic,ECI_aggregate_estimate
PC254,Telangana,Telangana 191,2189557,1158622,1030935,386283,744864,631053,427357,68.96,75.58,synthetic,ECI_aggregate_estimate
PC255,Kerala,Kerala 192,2744703,1462734,1281969,568321,855331,783813,537238,61.6,55.69,synthetic,ECI_aggregate_estimate
PC256,Jharkhand,Jharkhand 193,2084122,1031723,1052399,346389,728785,719970,288978,63.16,62.58,synthetic,ECI_aggregate_estimate
PC257,Assam,Assam 194,2626770,1385508,1241262,443711,801923,763481,617655,88.75,67.4,synthetic,ECI_aggregate_estimate
PC258,Punjab,Punjab 195,2973383,1572392,1400991,629541,928154,971209,444479,68.12,57.42,synthetic,ECI_aggregate_estimate
PC259,Chhattisgarh,Chhattisgarh 196,1958448,1034028,924420,430018,630714,658858,238858,85.96,47.87,synthetic,ECI_aggregate_estimate
PC260,Haryana,Haryana 197,1460737,748427,712310,226494,470361,468046,295836,77.69,62.86,synthetic,ECI_aggregate_estimate
PC261,Uttarakhand,Uttarakhand 198,1022093,519165,502928,195219,330727,290974,205173,60.83,68.74,synthetic,ECI_aggregate_estimate
PC262,Himachal Pradesh,Himachal Pradesh 199,2160660,1051666,1108994,337203,664626,751909,406922,88.42,65.17,synthetic,ECI_aggregate_estimate
PC263,Tripura,Tripura 200,3056219,1643655,1412564,605838,1047213,905763,497405,74.63,64.56,synthetic,ECI_aggregate_estimate
PC264,Meghalaya,Meghalaya 201,1732534,886947,845587,358420,557687,519760,296667,77.59,62.15,synthetic,ECI_aggregate_estimate
PC265,Manipur,Manipur 202,2079454,1084055,995399,438546,687650,701755,251503,92.58,57.75,synthetic,ECI_aggregate_estimate
PC266,Nagaland,Nagaland 203,3128941,1664885,1464056,620383,1003944,895189,609425,66.55,65.86,synthetic,ECI_aggregate_estimate
PC267,Goa,Goa 204,1018280,510246,508034,169283,338532,310105,200360,74.81,82.69,synthetic,ECI_aggregate_estimate
PC268,Arunachal Pradesh,Arunachal Pradesh 205,1892001,1018716,873285,388661,599790,617516,286034,91.62,82.76,synthetic,ECI_aggregate_estimate
PC269,Mizoram,Mizoram 206,2832922,1454102,1378820,504605,930334,849876,548107,92.92,45.26,synthetic,ECI_aggregate_estimate
PC270,Sikkim,Sikkim 207,1517203,794143,723060,261404,480122,454788,320889,60.61,84.8,synthetic,ECI_aggregate_estimate
PC271,Jammu and Kashmir,Jammu and Kashmir 208,2586670,1251287,1335383,441713,856336,776455,512166,79.73,58.71,synthetic,ECI_aggregate_estimate
PC272,Ladakh,Ladakh 209,1618678,830908,787770,338629,494894,491989,293166,60.14,71.64,synthetic,ECI_aggregate_estimate
PC273,Uttar Pradesh,Uttar Pradesh 210,2676876,1383723,1293153,475626,909767,753603,537880,85.73,82.61,synthetic,ECI_aggregate_estimate
PC274,Maharashtra,Maharashtra 211,1227153,627096,600057,229389,413383,421221,163160,55.5,77.63,synthetic,ECI_aggregate_estimate
PC275,West Bengal,West Bengal 212,2281814,1127870,1153944,390980,855877,790389,244568,94.36,76.11,synthetic,ECI_aggregate_estimate
PC276,Bihar,Bihar 213,1423271,701635,721636,285126,520961,461305,155879,71.8,60.2,synthetic,ECI_aggregate_estimate
PC277,Madhya Pradesh,Madhya Pradesh 214,3103373,1501919,1601454,466899,983361,1028744,624369,58.21,70.64,synthetic,ECI_aggregate_estimate
PC278,Tamil Nadu,Tamil Nadu 215,2155369,1098720,1056649,452281,659159,706749,337180,57.1,67.91,synthetic,ECI_aggregate_estimate
PC279,Rajasthan,Rajasthan 216,2702385,1415981,1286404,484017,881649,817632,519087,75.56,45.1,synthetic,ECI_aggregate_estimate
PC280,Karnataka,Karnataka 217,941513,502547,438966,159334,355989,286255,139935,93.2,52.94,synthetic,ECI_aggregate_estimate
PC281,Gujarat,Gujarat 218,1436214,749329,686885,249565,502674,476803,207172,59.67,66.1,synthetic,ECI_aggregate_estimate
PC282,Andhra Pradesh,Andhra Pradesh 219,1974475,1057994,916481,345170,628877,592188,408240,57.9,81.93,synthetic,ECI_aggregate_estimate
PC283,Odisha,Odisha 220,1942421,1008450,933971,391105,648824,620556,281936,59.25,69.7,synthetic,ECI_aggregate_estimate
PC284,Telangana,Telangana 221,1399708,751206,648502,224325,480420,472592,222371,79.3,69.14,synthetic,ECI_aggregate_estimate
PC285,Kerala,Kerala 222,2398194,1232002,1166192,495187,899228,749733,254046,83.65,48.35,synthetic,ECI_aggregate_estimate
PC286,Jharkhand,Jharkhand 223,1070921,565902,505019,170368,357315,364208,179030,56.86,60.2,synthetic,ECI_aggregate_estimate
PC287,Assam,Assam 224,951596,496314,455282,197214,316312,310587,127483,80.13,81.2,synthetic,ECI_aggregate_estimate
PC288,Punjab,Punjab 225,2240189,1129984,1110205,378978,821700,642929,396582,94.68,50.85,synthetic,ECI_aggregate_estimate
PC289,Chhattisgarh,Chhattisgarh 226,921643,461646,459997,150671,291693,295992,183287,94.71,83.2,synthetic,ECI_aggregate_estimate
PC290,Haryana,Haryana 227,2988024,1551169,1436855,632787,1048939,1034708,271590,64.87,76.24,synthetic,ECI_aggregate_estimate
PC291,Uttarakhand,Uttarakhand 228,1561424,809049,752375,306974,560915,523052,170483,87.16,60.92,synthetic,ECI_aggregate_estimate
PC292,Himachal Pradesh,Himachal Pradesh 229,2757058,1446973,1310085,585297,884960,862874,423927,58.59,58.95,synthetic,ECI_aggregate_estimate
PC293,Tripura,Tripura 230,2799714,1366776,1432938,424747,847102,805695,722170,84.56,66.22,synthetic,ECI_aggregate_estimate
PC294,Meghalaya,Meghalaya 231,2129341,1025899,1103442,340719,728492,705027,355103,70.36,82.37,synthetic,ECI_aggregate_estimate
PC295,Manipur,Manipur 232,1516168,817936,698232,291707,546971,452993,224497,63.59,60.85,synthetic,ECI_aggregate_estimate
PC296,Nagaland,Nagaland 233,1271891,622855,649036,238526,461936,388768,182661,59.46,47.32,synthetic,ECI_aggregate_estimate
PC297,Goa,Goa 234,2677707,1353544,1324163,451184,827082,929535,469906,66.68,49.6,synthetic,ECI_aggregate_estimate
PC298,Arunachal Pradesh,Arunachal Pradesh 235,1749970,896646,853324,278281,558466,579738,333485,82.55,68.44,synthetic,ECI_aggregate_estimate
PC299,Mizoram,Mizoram 236,2788891,1387223,1401668,541685,1040299,789038,417869,61.21,52.91,synthetic,ECI_aggregate_estimate
PC300,Sikkim,Sikkim 237,1511908,772949,738959,230006,532590,509158,240154,69.8,66.79,synthetic,ECI_aggregate_estimate
PC301,Jammu and Kashmir,Jammu and Kashmir 238,2329119,1164672,1164447,462829,845799,656926,363565,58.62,74.22,synthetic,ECI_aggregate_estimate
PC302,Ladakh,Ladakh 239,1565745,778979,786766,331649,562364,470507,201225,75.51,68.46,synthetic,ECI_aggregate_estimate
PC303,Uttar Pradesh,Uttar Pradesh 240,3155708,1689017,1466691,484889,954248,948663,767908,73.77,54.81,synthetic,ECI_aggregate_estimate
PC304,Maharashtra,Maharashtra 241,2745669,1403753,1341916,581583,858652,831513,473921,67.12,50.8,synthetic,ECI_aggregate_estimate
PC305,West Bengal,West Bengal 242,2759730,1424944,1334786,490251,1016034,893881,359564,77.46,73.74,synthetic,ECI_aggregate_estimate
PC306,Bihar,Bihar 243,1258759,619031,639728,191425,461764,413847,191723,76.71,69.38,synthetic,ECI_aggregate_estimate
PC307,Madhya Pradesh,Madhya Pradesh 244,2608746,1339196,1269550,528843,888938,857562,333403,84.24,45.2,synthetic,ECI_aggregate_estimate
PC308,Tamil Nadu,Tamil Nadu 245,1993091,1034870,958221,369853,719859,593563,309816,85.67,75.91,synthetic,ECI_aggregate_estimate
PC309,Rajasthan,Rajasthan 246,1392914,730482,662432,261487,423767,398586,309074,58.3,78.84,synthetic,ECI_aggregate_estimate
PC310,Karnataka,Karnataka 247,1213578,609602,603976,239581,430620,375477,167900,55.14,63.4,synthetic,ECI_aggregate_estimate
PC311,Gujarat,Gujarat 248,2925157,1422050,1503107,604954,1003798,1008122,308283,77.42,68.9,synthetic,ECI_aggregate_estimate
PC312,Andhra Pradesh,Andhra Pradesh 249,2744965,1432100,1312865,576379,861919,957107,349560,62.13,75.6,synthetic,ECI_aggregate_estimate
PC313,Odisha,Odisha 250,1069672,574413,495259,223953,380662,368402,96655,92.33,67.29,synthetic,ECI_aggregate_estimate
PC314,Telangana,Telangana 251,1272100,642683,629417,235282,476443,388492,171883,67.31,79.4,synthetic,ECI_aggregate_estimate
PC315,Kerala,Kerala 252,1305261,650166,655095,199649,451715,446530,207367,62.49,78.17,synthetic,ECI_aggregate_estimate
PC316,Jharkhand,Jharkhand 253,2970947,1506593,1464354,585371,1069540,836819,479217,69.74,63.72,synthetic,ECI_aggregate_estimate
PC317,Assam,Assam 254,1683165,814071,869094,370145,580616,517803,214601,92.12,55.4,synthetic,ECI_aggregate_estimate
PC318,Punjab,Punjab 255,1726372,844814,881558,278519,557480,561197,329176,93.56,77.37,synthetic,ECI_aggregate_estimate
PC319,Chhattisgarh,Chhattisgarh 256,1509475,747252,762223,232507,553109,463083,260776,75.39,84.89,synthetic,ECI_aggregate_estimate
PC320,Haryana,Haryana 257,3072167,1621748,1450419,619605,979661,978460,494441,83.77,47.2,synthetic,ECI_aggregate_estimate
PC321,Uttarakhand,Uttarakhand 258,2162405,1055403,1107002,459172,703149,680145,319939,71.83,69.85,synthetic,ECI_aggregate_estimate
PC322,Himachal Pradesh,Himachal Pradesh 259,2235546,1201142,1034404,487610,747235,773607,227094,70.38,64.11,synthetic,ECI_aggregate_estimate
PC323,Tripura,Tripura 260,1166071,571592,594479,218913,359018,369785,218355,75.6,70.0,synthetic,ECI_aggregate_estimate
PC324,Meghalaya,Meghalaya 261,1301235,650823,650412,232809,442102,392025,234299,71.62,81.53,synthetic,ECI_aggregate_estimate
PC325,Manipur,Manipur 262,1838778,947911,890867,301406,602724,540069,394579,89.53,71.66,synthetic,ECI_aggregate_estimate
PC326,Nagaland,Nagaland 263,1945224,1036519,908705,398952,613300,581888,351084,88.3,74.15,synthetic,ECI_aggregate_estimate
PC327,Goa,Goa 264,1899545,976131,923414,390833,623652,633130,251930,67.28,64.76,synthetic,ECI_aggregate_estimate
PC328,Arunachal Pradesh,Arunachal Pradesh 265,2927185,1518668,1408517,585437,1051820,988454,301474,86.0,50.5,synthetic,ECI_aggregate_estimate
PC329,Mizoram,Mizoram 266,2141159,1071766,1069393,344742,687829,616826,491762,93.2,65.38,synthetic,ECI_aggregate_estimate
PC330,Sikkim,Sikkim 267,1496489,805403,691086,238835,523806,479378,254470,70.38,54.84,synthetic,ECI_aggregate_estimate
PC331,Jammu and Kashmir,Jammu and Kashmir 268,2433754,1173049,1260705,417759,849927,772579,393489,83.64,70.4,synthetic,ECI_aggregate_estimate
PC332,Ladakh,Ladakh 269,2153360,1060795,1092565,425928,771068,642592,313772,82.92,55.89,synthetic,ECI_aggregate_estimate
PC333,Uttar Pradesh,Uttar Pradesh 270,1985931,1003396,982535,433102,628980,667262,256587,75.75,52.2,synthetic,ECI_aggregate_estimate
PC334,Maharashtra,Maharashtra 271,1938257,977577,960680,361512,688076,651435,237234,78.31,69.96,synthetic,ECI_aggregate_estimate
PC335,West Bengal,West Bengal 272,1832911,918606,914305,399920,557173,622369,253449,65.99,52.87,synthetic,ECI_aggregate_estimate
PC336,Bihar,Bihar 273,3096867,1650287,1446580,511761,1144552,939525,501029,67.55,71.81,synthetic,ECI_aggregate_estimate
PC337,Madhya Pradesh,Madhya Pradesh 274,1503472,742909,760563,269417,553645,423666,256744,68.64,72.66,synthetic,ECI_aggregate_estimate
PC338,Tamil Nadu,Tamil Nadu 275,1966032,1054726,911306,307534,667736,595730,395032,90.42,56.11,synthetic,ECI_aggregate_estimate
PC339,Rajasthan,Rajasthan 276,3004210,1598494,1405716,505393,1021241,856690,620886,71.8,61.55,synthetic,ECI_aggregate_estimate
PC340,Karnataka,Karnataka 277,2719118,1306063,1413055,562247,823536,862778,470557,86.5,67.95,synthetic,ECI_aggregate_estimate
PC341,Gujarat,Gujarat 278,2926418,1553197,1373221,624642,903468,916492,481816,66.33,76.17,synthetic,ECI_aggregate_estimate
PC342,Andhra Pradesh,Andhra Pradesh 279,2269834,1143202,1126632,474930,742773,689892,362239,57.69,73.24,synthetic,ECI_aggregate_estimate
PC343,Odisha,Odisha 280,1777880,929871,848009,334776,639302,500359,303443,65.64,70.27,synthetic,ECI_aggregate_estimate
PC344,Telangana,Telangana 281,1397185,692789,704396,242290,473883,433946,247066,60.71,68.33,synthetic,ECI_aggregate_estimate
PC345,Kerala,Kerala 282,2712116,1385350,1326766,466384,894008,846559,505165,82.11,75.26,synthetic,ECI_aggregate_estimate
PC346,Jharkhand,Jharkhand 283,1427333,729917,697416,306366,493867,427597,199503,77.33,50.7,synthetic,ECI_aggregate_estimate
PC347,Assam,Assam 284,2832799,1462921,1369878,564193,999109,808694,460803,71.48,46.63,synthetic,ECI_aggregate_estimate
PC348,Punjab,Punjab 285,2547816,1323203,1224613,388271,802433,748230,608882,63.17,57.1,synthetic,ECI_aggregate_estimate
PC349,Chhattisgarh,Chhattisgarh 286,957971,471852,486119,181530,305039,333826,137576,64.76,73.54,synthetic,ECI_aggregate_estimate
PC350,Haryana,Haryana 287,2868913,1507448,1361465,564115,895418,923854,485526,92.78,76.96,synthetic,ECI_aggregate_estimate
PC351,Uttarakhand,Uttarakhand 288,1145957,589691,556266,180486,389147,366091,210233,73.74,75.56,synthetic,ECI_aggregate_estimate
PC352,Himachal Pradesh,Himachal Pradesh 289,2728913,1324766,1404147,578044,855114,802347,493408,94.21,50.87,synthetic,ECI_aggregate_estimate
PC353,Tripura,Tripura 290,2916730,1427385,1489345,449136,918870,866268,682456,71.37,55.65,synthetic,ECI_aggregate_estimate
PC354,Meghalaya,Meghalaya 291,1158376,598942,559434,233936,435857,393173,95410,87.74,48.56,synthetic,ECI_aggregate_estimate
PC355,Manipur,Manipur 292,2808709,1479906,1328803,597191,1047308,896241,267969,86.79,54.82,synthetic,ECI_aggregate_estimate
PC356,Nagaland,Nagaland 293,2416967,1283205,1133762,490228,820797,724935,381007,78.41,78.43,synthetic,ECI_aggregate_estimate
PC357,Goa,Goa 294,1848408,989048,859360,349385,604548,638989,255486,57.27,48.85,synthetic,ECI_aggregate_estimate
PC358,Arunachal Pradesh,Arunachal Pradesh 295,2650037,1394696,1255341,531108,921377,811692,385860,83.73,70.35,synthetic,ECI_aggregate_estimate
PC359,Mizoram,Mizoram 296,2156058,1121000,1035058,442075,760534,738066,215383,92.28,64.69,synthetic,ECI_aggregate_estimate
PC360,Sikkim,Sikkim 297,3010619,1492018,1518601,461652,1006164,846566,696237,92.41,64.3,synthetic,ECI_aggregate_estimate
PC361,Jammu and Kashmir,Jammu and Kashmir 298,1478426,776383,702043,244681,527696,420395,285654,85.22,49.5,synthetic,ECI_aggregate_estimate
PC362,Ladakh,Ladakh 299,3098619,1595969,1502650,532245,965367,985237,615770,87.58,58.58,synthetic,ECI_aggregate_estimate
PC363,Uttar Pradesh,Uttar Pradesh 300,2876741,1489691,1387050,455850,1057880,945791,417220,56.19,82.43,synthetic,ECI_aggregate_estimate
PC364,Maharashtra,Maharashtra 301,1095401,537825,557576,206294,374085,323477,191545,93.18,53.26,synthetic,ECI_aggregate_estimate
PC365,West Bengal,West Bengal 302,2255399,1105145,1150254,410776,846236,743164,255223,74.91,50.21,synthetic,ECI_aggregate_estimate
PC366,Bihar,Bihar 303,3163961,1661185,1502776,620382,1018785,1008999,515795,89.56,82.75,synthetic,ECI_aggregate_estimate
PC367,Madhya Pradesh,Madhya Pradesh 304,2952731,1562495,1390236,596444,1082316,985566,288405,74.97,55.99,synthetic,ECI_aggregate_estimate
PC368,Tamil Nadu,Tamil Nadu 305,2255712,1210166,1045546,473762,687256,669435,425259,92.53,77.41,synthetic,ECI_aggregate_estimate
PC369,Rajasthan,Rajasthan 306,1374030,697855,676175,299506,473212,458113,143199,63.79,73.14,synthetic,ECI_aggregate_estimate
PC370,Karnataka,Karnataka 307,2990309,1517801,1472508,458465,1136077,843130,552637,58.7,83.33,synthetic,ECI_aggregate_estimate
PC371,Gujarat,Gujarat 308,2485823,1216956,1268867,525925,866000,773206,320692,82.28,77.62,synthetic,ECI_aggregate_estimate
PC372,Andhra Pradesh,Andhra Pradesh 309,1922841,976010,946831,336014,715519,552492,318816,86.43,50.85,synthetic,ECI_aggregate_estimate
PC373,Odisha,Odisha 310,1216499,596175,620324,191868,403750,351243,269638,67.47,59.0,synthetic,ECI_aggregate_estimate
PC374,Telangana,Telangana 311,2070507,1016666,1053841,423459,740288,722396,184364,80.79,76.18,synthetic,ECI_aggregate_estimate
PC375,Kerala,Kerala 312,3205698,1651863,1553835,495762,1031234,1116806,561896,89.28,80.64,synthetic,ECI_aggregate_estimate
PC376,Jharkhand,Jharkhand 313,899543,462407,437136,183694,304602,269372,141875,89.75,45.41,synthetic,ECI_aggregate_estimate
PC377,Assam,Assam 314,1707589,863512,844077,261185,557251,512276,376877,82.32,66.79,synthetic,ECI_aggregate_estimate
PC378,Punjab,Punjab 315,1927981,1036344,891637,354021,637071,596661,340228,58.4,65.11,synthetic,ECI_aggregate_estimate
PC379,Chhattisgarh,Chhattisgarh 316,1426267,710406,715861,281587,451648,460985,232047,69.18,69.62,synthetic,ECI_aggregate_estimate
PC380,Haryana,Haryana 317,2686949,1362940,1324009,422356,970289,861246,433058,94.2,53.72,synthetic,ECI_aggregate_estimate
PC381,Uttarakhand,Uttarakhand 318,1145062,588389,556673,180959,406847,323000,234256,92.71,54.3,synthetic,ECI_aggregate_estimate
PC382,Himachal Pradesh,Himachal Pradesh 319,3018308,1460526,1557782,498115,1032086,986442,501665,91.84,64.61,synthetic,ECI_aggregate_estimate
PC383,Tripura,Tripura 320,1571995,785997,785998,275549,570553,508833,217060,66.11,45.77,synthetic,ECI_aggregate_estimate
PC384,Meghalaya,Meghalaya 321,2392429,1190076,1202353,362999,875792,695413,458225,66.32,56.4,synthetic,ECI_aggregate_estimate
PC385,Manipur,Manipur 322,1315766,658814,656952,261370,430422,395037,228937,64.16,57.94,synthetic,ECI_aggregate_estimate
PC386,Nagaland,Nagaland 323,2477611,1274055,1203556,412730,892500,841409,330972,86.95,75.84,synthetic,ECI_aggregate_estimate
PC387,Goa,Goa 324,1163441,566659,596782,218146,377465,342159,225671,80.28,59.33,synthetic,ECI_aggregate_estimate
PC388,Arunachal Pradesh,Arunachal Pradesh 325,2787505,1389180,1398325,563585,1040513,861169,322238,57.7,73.78,synthetic,ECI_aggregate_estimate
PC389,Mizoram,Mizoram 326,2705404,1409458,1295946,511542,832945,771412,589505,62.9,47.57,synthetic,ECI_aggregate_estimate
PC390,Sikkim,Sikkim 327,1731490,900799,830691,295400,551295,491384,393411,55.17,58.78,synthetic,ECI_aggregate_estimate
PC391,Jammu and Kashmir,Jammu and Kashmir 328,1871650,919234,952416,300949,658118,651133,261450,91.89,64.97,synthetic,ECI_aggregate_estimate
PC392,Ladakh,Ladakh 329,931949,459944,472005,185481,281281,312860,152327,59.9,57.8,synthetic,ECI_aggregate_estimate
PC393,Uttar Pradesh,Uttar Pradesh 330,1347006,655069,691937,265686,437612,395925,247783,73.35,63.86,synthetic,ECI_aggregate_estimate
PC394,Maharashtra,Maharashtra 331,1184859,586264,598595,218602,435361,379997,150899,59.95,53.34,synthetic,ECI_aggregate_estimate
PC395,West Bengal,West Bengal 332,2190559,1130815,1059744,372013,658472,640254,519820,70.66,76.63,synthetic,ECI_aggregate_estimate
PC396,Bihar,Bihar 333,1055277,514068,541209,169915,325356,317935,242071,82.63,56.8,synthetic,ECI_aggregate_estimate
PC397,Madhya Pradesh,Madhya Pradesh 334,1292043,688830,603213,227443,415878,362460,286262,62.4,51.64,synthetic,ECI_aggregate_estimate
PC398,Tamil Nadu,Tamil Nadu 335,2258742,1118452,1140290,492698,723527,788861,253656,63.41,74.62,synthetic,ECI_aggregate_estimate
PC399,Rajasthan,Rajasthan 336,1177551,568755,608796,236051,445767,401909,93824,80.82,45.37,synthetic,ECI_aggregate_estimate
PC400,Karnataka,Karnataka 337,1535154,756831,778323,262861,545492,512846,213955,67.44,60.21,synthetic,ECI_aggregate_estimate
PC401,Gujarat,Gujarat 338,1274646,687489,587157,220734,456222,436517,161173,75.59,57.28,synthetic,ECI_aggregate_estimate
PC402,Andhra Pradesh,Andhra Pradesh 339,3163409,1562548,1600861,657503,1047515,961495,496896,94.48,49.3,synthetic,ECI_aggregate_estimate
PC403,Odisha,Odisha 340,2615609,1367314,1248295,543332,979804,821898,270575,69.65,45.22,synthetic,ECI_aggregate_estimate
PC404,Telangana,Telangana 341,1411673,726009,685664,296975,440630,402836,271232,83.14,65.84,synthetic,ECI_aggregate_estimate
PC405,Kerala,Kerala 342,1057469,519468,538001,207273,334037,341875,174284,66.46,45.11,synthetic,ECI_aggregate_estimate
PC406,Jharkhand,Jharkhand 343,1698602,828125,870477,313358,623161,573532,188551,74.47,73.52,synthetic,ECI_aggregate_estimate
PC407,Assam,Assam 344,2909520,1454760,1454760,550200,1069335,844392,445593,74.95,80.74,synthetic,ECI_aggregate_estimate
PC408,Punjab,Punjab 345,1628280,849390,778890,289147,581603,505743,251787,55.8,68.44,synthetic,ECI_aggregate_estimate
PC409,Chhattisgarh,Chhattisgarh 346,2635420,1345716,1289704,443887,858780,780113,552640,77.65,48.42,synthetic,ECI_aggregate_estimate
PC410,Haryana,Haryana 347,2669898,1401768,1268130,530837,917276,831858,389927,92.36,52.1,synthetic,ECI_aggregate_estimate
PC411,Uttarakhand,Uttarakhand 348,2503415,1215165,1288250,506438,889617,812439,294921,77.25,58.98,synthetic,ECI_aggregate_estimate
PC412,Himachal Pradesh,Himachal Pradesh 349,2560552,1307153,1253399,438514,913944,757800,450294,66.74,57.5,synthetic,ECI_aggregate_estimate
PC413,Tripura,Tripura 350,1654641,800669,853972,357189,626506,473379,197567,65.1,50.5,synthetic,ECI_aggregate_estimate
PC414,Meghalaya,Meghalaya 351,1414296,681379,732917,244536,507327,416898,245535,55.83,66.76,synthetic,ECI_aggregate_estimate
PC415,Manipur,Manipur 352,2302937,1218278,1084659,408180,856659,671353,366745,56.62,78.35,synthetic,ECI_aggregate_estimate
PC416,Nagaland,Nagaland 353,1933786,964628,969158,336061,678182,585057,334486,93.79,84.14,synthetic,ECI_aggregate_estimate
PC417,Goa,Goa 354,2352362,1232770,1119592,493945,799412,659269,399736,65.6,75.84,synthetic,ECI_aggregate_estimate
PC418,Arunachal Pradesh,Arunachal Pradesh 355,3159069,1548657,1610412,475328,972323,1085674,625744,76.25,83.89,synthetic,ECI_aggregate_estimate
PC419,Mizoram,Mizoram 356,2330937,1123570,1207367,470530,715903,755825,388679,79.6,45.66,synthetic,ECI_aggregate_estimate
PC420,Sikkim,Sikkim 357,3137825,1634246,1503579,544531,1190066,1057856,345372,69.66,74.82,synthetic,ECI_aggregate_estimate
PC421,Jammu and Kashmir,Jammu and Kashmir 358,2079979,1083235,996744,312455,754499,585139,427886,64.87,58.81,synthetic,ECI_aggregate_estimate
PC422,Ladakh,Ladakh 359,1835363,905637,929726,365352,557308,588104,324599,77.53,49.89,synthetic,ECI_aggregate_estimate
PC423,Uttar Pradesh,Uttar Pradesh 360,2078499,1015606,1062893,456469,634428,703657,283945,83.71,63.19,synthetic,ECI_aggregate_estimate
PC424,Maharashtra,Maharashtra 361,1771167,888653,882514,271824,659434,605359,234550,76.64,54.68,synthetic,ECI_aggregate_estimate
PC425,West Bengal,West Bengal 362,1918952,966765,952187,322069,596426,583891,416566,55.13,50.15,synthetic,ECI_aggregate_estimate
PC426,Bihar,Bihar 363,2943274,1488181,1455093,493954,882992,1004343,561985,59.75,79.71,synthetic,ECI_aggregate_estimate
PC427,Madhya Pradesh,Madhya Pradesh 364,974166,497929,476237,155535,335328,332173,151130,65.14,61.91,synthetic,ECI_aggregate_estimate
PC428,Tamil Nadu,Tamil Nadu 365,1038166,542011,496155,157388,390668,324544,165566,91.5,65.67,synthetic,ECI_aggregate_estimate
PC429,Rajasthan,Rajasthan 366,3148758,1681623,1467135,651272,1096307,1073743,327436,82.89,61.5,synthetic,ECI_aggregate_estimate
PC430,Karnataka,Karnataka 367,1576355,846005,730350,330991,473491,489529,282344,87.24,54.53,synthetic,ECI_aggregate_estimate
PC431,Gujarat,Gujarat 368,2710108,1313457,1396651,492194,1010550,923658,283706,72.16,69.28,synthetic,ECI_aggregate_estimate
PC432,Andhra Pradesh,Andhra Pradesh 369,2479443,1268454,1210989,463723,864327,703527,447866,66.58,79.84,synthetic,ECI_aggregate_estimate
PC433,Odisha,Odisha 370,1426420,726313,700107,251786,430835,457485,286314,66.59,74.53,synthetic,ECI_aggregate_estimate
PC434,Telangana,Telangana 371,2094352,1012617,1081735,334982,654234,697832,407304,65.73,50.4,synthetic,ECI_aggregate_estimate
PC435,Kerala,Kerala 372,2958508,1505227,1453281,647993,957943,838557,514015,93.45,73.41,synthetic,ECI_aggregate_estimate
PC436,Jharkhand,Jharkhand 373,3087130,1549810,1537320,668167,1018329,1026521,374113,62.31,75.38,synthetic,ECI_aggregate_estimate
PC437,Assam,Assam 374,2001789,1033689,968100,315332,759736,651036,275685,77.2,67.15,synthetic,ECI_aggregate_estimate
PC438,Punjab,Punjab 375,1316385,638558,677827,278192,475946,424303,137944,78.56,79.83,synthetic,ECI_aggregate_estimate
PC439,Chhattisgarh,Chhattisgarh 376,2021632,989868,1031764,339035,606489,701874,374234,81.56,55.3,synthetic,ECI_aggregate_estimate
PC440,Haryana,Haryana 377,2901652,1481745,1419907,485805,895968,844055,675824,55.82,60.9,synthetic,ECI_aggregate_estimate
PC441,Uttarakhand,Uttarakhand 378,2326387,1189222,1137165,472868,849250,803557,200712,70.9,57.8,synthetic,ECI_aggregate_estimate
PC442,Himachal Pradesh,Himachal Pradesh 379,1323629,664813,658816,210802,397088,427734,288005,58.48,78.51,synthetic,ECI_aggregate_estimate
PC443,Tripura,Tripura 380,1862021,951955,910066,402911,665775,563054,230281,66.0,48.5,synthetic,ECI_aggregate_estimate
PC444,Meghalaya,Meghalaya 381,1780442,951662,828780,360257,633216,554387,232582,76.37,68.86,synthetic,ECI_aggregate_estimate
PC445,Manipur,Manipur 382,3109552,1627673,1481879,547066,940743,991313,630430,59.69,66.99,synthetic,ECI_aggregate_estimate
PC446,Nagaland,Nagaland 383,2880276,1533257,1347019,437056,929217,923617,590386,56.18,62.48,synthetic,ECI_aggregate_estimate
PC447,Goa,Goa 384,1081955,567423,514532,172119,346162,332695,230979,66.58,81.22,synthetic,ECI_aggregate_estimate
PC448,Arunachal Pradesh,Arunachal Pradesh 385,928511,486976,441535,186820,281941,283406,176344,63.35,48.37,synthetic,ECI_aggregate_estimate
PC449,Mizoram,Mizoram 386,3133597,1626814,1506783,677640,1157272,917784,380901,69.77,56.34,synthetic,ECI_aggregate_estimate
PC450,Sikkim,Sikkim 387,956936,473926,483010,196716,343058,319405,97757,82.16,50.67,synthetic,ECI_aggregate_estimate
PC451,Jammu and Kashmir,Jammu and Kashmir 388,1652666,812007,840659,330957,603884,471081,246744,84.66,78.17,synthetic,ECI_aggregate_estimate
PC452,Ladakh,Ladakh 389,940788,506856,433932,175002,346764,299138,119884,60.21,75.78,synthetic,ECI_aggregate_estimate
PC453,Uttar Pradesh,Uttar Pradesh 390,2754983,1401554,1353429,472636,946533,771628,564186,56.37,69.25,synthetic,ECI_aggregate_estimate
PC454,Maharashtra,Maharashtra 391,2373233,1226760,1146473,443310,893563,728348,308012,78.1,83.2,synthetic,ECI_aggregate_estimate
PC455,West Bengal,West Bengal 392,1638214,853126,785088,266653,611543,480405,279613,59.34,54.33,synthetic,ECI_aggregate_estimate
PC456,Bihar,Bihar 393,1511179,742171,769008,303001,475341,476634,256203,81.81,66.43,synthetic,ECI_aggregate_estimate
PC457,Madhya Pradesh,Madhya Pradesh 394,2498539,1269192,1229347,535054,794217,740725,428543,68.0,80.5,synthetic,ECI_aggregate_estimate
PC458,Tamil Nadu,Tamil Nadu 395,1451672,728233,723439,304720,531639,504229,111084,64.8,72.5,synthetic,ECI_aggregate_estimate
PC459,Rajasthan,Rajasthan 396,1118185,598870,519315,231149,402989,373003,111044,63.71,64.45,synthetic,ECI_aggregate_estimate
PC460,Karnataka,Karnataka 397,2306237,1122390,1183847,386111,765004,692335,462787,91.66,59.56,synthetic,ECI_aggregate_estimate
PC461,Gujarat,Gujarat 398,1549013,801376,747637,273659,466098,491361,317895,80.87,55.92,synthetic,ECI_aggregate_estimate
PC462,Andhra Pradesh,Andhra Pradesh 399,2449436,1191660,1257776,405342,790130,820968,432996,74.3,57.69,synthetic,ECI_aggregate_estimate
PC463,Odisha,Odisha 400,1027100,553195,473905,222677,364940,323520,115963,80.76,53.74,synthetic,ECI_aggregate_estimate
PC464,Telangana,Telangana 401,1299784,644059,655725,232528,403576,377727,285953,60.84,59.27,synthetic,ECI_aggregate_estimate
PC465,Kerala,Kerala 402,1482164,712125,770039,295900,534870,459940,191454,61.2,64.56,synthetic,ECI_aggregate_estimate
PC466,Jharkhand,Jharkhand 403,1256951,655093,601858,251882,470488,362798,171783,63.17,76.45,synthetic,ECI_aggregate_estimate
PC467,Assam,Assam 404,2093536,1060270,1033266,448342,648592,624139,372463,90.13,51.3,synthetic,ECI_aggregate_estimate
PC468,Punjab,Punjab 405,2467654,1321727,1145927,387106,810874,722082,547592,80.98,57.67,synthetic,ECI_aggregate_estimate
PC469,Chhattisgarh,Chhattisgarh 406,2270098,1225367,1044731,381626,855684,737362,295426,91.33,69.78,synthetic,ECI_aggregate_estimate
PC470,Haryana,Haryana 407,2695354,1421288,1274066,545418,823540,778514,547882,81.7,61.3,synthetic,ECI_aggregate_estimate
PC471,Uttarakhand,Uttarakhand 408,1116755,600593,516162,218382,376524,319523,202326,79.35,83.21,synthetic,ECI_aggregate_estimate
PC472,Himachal Pradesh,Himachal Pradesh 409,1217697,585490,632207,198813,378528,401840,238516,55.48,73.65,synthetic,ECI_aggregate_estimate
PC473,Tripura,Tripura 410,1300062,656805,643257,251654,474142,391495,182771,87.16,76.45,synthetic,ECI_aggregate_estimate
PC474,Meghalaya,Meghalaya 411,2612631,1325784,1286847,561309,955826,844638,250858,82.41,84.94,synthetic,ECI_aggregate_estimate
PC475,Manipur,Manipur 412,1307524,678575,628949,219015,444206,379679,264624,69.74,69.12,synthetic,ECI_aggregate_estimate
PC476,Nagaland,Nagaland 413,1711583,857566,854017,375637,611568,518385,205993,81.0,46.2,synthetic,ECI_aggregate_estimate
PC477,Goa,Goa 414,2461715,1323294,1138421,373825,777639,693182,617069,80.92,78.17,synthetic,ECI_aggregate_estimate
PC478,Arunachal Pradesh,Arunachal Pradesh 415,2725939,1390925,1335014,418679,823373,881206,602681,60.61,46.22,synthetic,ECI_aggregate_estimate
PC479,Mizoram,Mizoram 416,2794325,1450677,1343648,510022,914469,905139,464695,92.17,74.76,synthetic,ECI_aggregate_estimate
PC480,Sikkim,Sikkim 417,1405919,696941,708978,260661,522926,441537,180795,59.91,69.53,synthetic,ECI_aggregate_estimate
PC481,Jammu and Kashmir,Jammu and Kashmir 418,2782465,1461772,1320693,489199,835871,829400,627995,67.77,79.0,synthetic,ECI_aggregate_estimate
PC482,Ladakh,Ladakh 419,3063972,1630071,1433901,603823,984782,932669,542698,73.5,76.56,synthetic,ECI_aggregate_estimate
PC483,Uttar Pradesh,Uttar Pradesh 420,2568822,1263533,1305289,546638,887071,764749,370364,94.11,69.18,synthetic,ECI_aggregate_estimate
PC484,Maharashtra,Maharashtra 421,2371578,1162156,1209422,453714,733225,789326,395313,78.61,65.12,synthetic,ECI_aggregate_estimate
PC485,West Bengal,West Bengal 422,931747,484757,446990,168352,331674,297476,134245,93.97,49.74,synthetic,ECI_aggregate_estimate
PC486,Bihar,Bihar 423,2716728,1336161,1380567,409361,913425,905894,488048,73.0,81.42,synthetic,ECI_aggregate_estimate
PC487,Madhya Pradesh,Madhya Pradesh 424,2828155,1493180,1334975,494547,1036202,927059,370347,80.84,65.53,synthetic,ECI_aggregate_estimate
PC488,Tamil Nadu,Tamil Nadu 425,1088781,555713,533068,168065,330800,380581,209335,82.19,57.92,synthetic,ECI_aggregate_estimate
PC489,Rajasthan,Rajasthan 426,2438536,1189808,1248728,373974,842928,690161,531473,65.15,74.51,synthetic,ECI_aggregate_estimate
PC490,Karnataka,Karnataka 427,2230722,1085763,1144959,457985,762384,660103,350250,69.12,63.93,synthetic,ECI_aggregate_estimate
PC491,Gujarat,Gujarat 428,1238608,620755,617853,192306,372883,417219,256200,76.26,78.84,synthetic,ECI_aggregate_estimate
PC492,Andhra Pradesh,Andhra Pradesh 429,2795650,1491927,1303723,543879,1020310,917081,314380,61.49,52.3,synthetic,ECI_aggregate_estimate
PC493,Odisha,Odisha 430,960918,462888,498030,203442,331979,307340,118157,58.46,68.13,synthetic,ECI_aggregate_estimate
PC494,Telangana,Telangana 431,1097428,546124,551304,220237,407436,324147,145608,57.9,60.86,synthetic,ECI_aggregate_estimate
PC495,Kerala,Kerala 432,3123266,1664563,1458703,664970,979713,938823,539760,55.12,77.93,synthetic,ECI_aggregate_estimate
PC496,Jharkhand,Jharkhand 433,2891013,1417214,1473799,568804,1021344,1010166,290699,71.9,55.86,synthetic,ECI_aggregate_estimate
PC497,Assam,Assam 434,932170,470755,461415,197939,280365,315342,138524,61.1,66.59,synthetic,ECI_aggregate_estimate
PC498,Punjab,Punjab 435,2949328,1547098,1402230,554141,1042000,881541,471646,56.16,59.24,synthetic,ECI_aggregate_estimate
PC499,Chhattisgarh,Chhattisgarh 436,2389525,1229781,1159744,401187,901415,807070,279853,77.47,82.7,synthetic,ECI_aggregate_estimate
PC500,Haryana,Haryana 437,2050008,1104339,945669,336871,773996,619789,319352,73.67,55.33,synthetic,ECI_aggregate_estimate
PC501,Uttarakhand,Uttarakhand 438,2933235,1410696,1522539,475820,1042865,831552,582998,77.9,77.87,synthetic,ECI_aggregate_estimate
PC502,Himachal Pradesh,Himachal Pradesh 439,1541616,832094,709522,240063,527457,466346,307750,82.67,61.38,synthetic,ECI_aggregate_estimate
PC503,Tripura,Tripura 440,2194664,1069775,1124889,461980,709453,681077,342154,84.24,72.16,synthetic,ECI_aggregate_estimate
PC504,Meghalaya,Meghalaya 441,1472715,767585,705130,279908,556371,472057,164379,63.66,84.56,synthetic,ECI_aggregate_estimate
PC505,Manipur,Manipur 442,2121714,1069718,1051996,398425,682372,728134,312783,91.63,66.68,synthetic,ECI_aggregate_estimate
PC506,Nagaland,Nagaland 443,1400711,715729,684982,232025,497432,422812,248442,59.0,83.9,synthetic,ECI_aggregate_estimate
PC507,Goa,Goa 444,1398999,688667,710332,264316,486341,406631,241711,94.89,84.17,synthetic,ECI_aggregate_estimate
PC508,Arunachal Pradesh,Arunachal Pradesh 445,2704766,1321281,1383485,454626,923847,853333,472960,72.53,51.46,synthetic,ECI_aggregate_estimate
PC509,Mizoram,Mizoram 446,2673222,1356459,1316763,531454,809922,933921,397925,77.51,58.37,synthetic,ECI_aggregate_estimate
PC510,Sikkim,Sikkim 447,3093587,1606670,1486917,525715,1154813,940054,473005,87.66,65.6,synthetic,ECI_aggregate_estimate
PC511,Jammu and Kashmir,Jammu and Kashmir 448,2351361,1132818,1218543,462202,750571,719939,418649,79.65,61.49,synthetic,ECI_aggregate_estimate
PC512,Ladakh,Ladakh 449,1197031,601056,595975,254325,453806,377810,111090,73.27,55.9,synthetic,ECI_aggregate_estimate
PC513,Uttar Pradesh,Uttar Pradesh 450,3108157,1498114,1610043,515310,1102117,1042714,448016,87.47,84.94,synthetic,ECI_aggregate_estimate
PC514,Maharashtra,Maharashtra 451,1469627,738446,731181,233528,454752,458762,322585,69.4,69.92,synthetic,ECI_aggregate_estimate
PC515,West Bengal,West Bengal 452,2392507,1159137,1233370,459492,819007,780763,333245,67.44,48.36,synthetic,ECI_aggregate_estimate
PC516,Bihar,Bihar 453,3185994,1675396,1510598,482123,1088648,1105788,509435,86.8,67.71,synthetic,ECI_aggregate_estimate
PC517,Madhya Pradesh,Madhya Pradesh 454,2894512,1551096,1343416,513574,988262,897531,495145,90.23,73.15,synthetic,ECI_aggregate_estimate
PC518,Tamil Nadu,Tamil Nadu 455,2433625,1231880,1201745,519726,779251,713335,421313,58.16,56.38,synthetic,ECI_aggregate_estimate
PC519,Rajasthan,Rajasthan 456,1074716,538096,536620,228377,401788,323094,121457,69.47,64.4,synthetic,ECI_aggregate_estimate
PC520,Karnataka,Karnataka 457,3204107,1558545,1645562,627157,1197452,999681,379817,90.13,54.38,synthetic,ECI_aggregate_estimate
PC521,Gujarat,Gujarat 458,1877446,962705,914741,303127,655727,544796,373796,86.32,69.74,synthetic,ECI_aggregate_estimate
PC522,Andhra Pradesh,Andhra Pradesh 459,1077636,569998,507638,234718,331045,316052,195821,68.33,84.46,synthetic,ECI_aggregate_estimate
PC523,Odisha,Odisha 460,2684615,1377738,1306877,503512,860014,804442,516647,72.41,81.41,synthetic,ECI_aggregate_estimate
PC524,Telangana,Telangana 461,1053270,527104,526166,189808,385177,367990,110295,77.7,80.57,synthetic,ECI_aggregate_estimate
PC525,Kerala,Kerala 462,1137066,558058,579008,232053,375873,370481,158659,87.88,82.43,synthetic,ECI_aggregate_estimate
PC526,Jharkhand,Jharkhand 463,1067318,515405,551913,225417,401761,304637,135503,62.69,60.26,synthetic,ECI_aggregate_estimate
PC527,Assam,Assam 464,2257802,1209541,1048261,492813,772947,690393,301649,64.77,51.9,synthetic,ECI_aggregate_estimate
PC528,Punjab,Punjab 465,1778353,871671,906682,296304,669887,531170,280992,58.65,78.7,synthetic,ECI_aggregate_estimate
PC529,Chhattisgarh,Chhattisgarh 466,2741105,1453225,1287880,556402,972584,818779,393340,78.13,80.53,synthetic,ECI_aggregate_estimate
PC530,Haryana,Haryana 467,1211972,637714,574258,188097,395984,395211,232680,60.52,77.25,synthetic,ECI_aggregate_estimate
PC531,Uttarakhand,Uttarakhand 468,2964170,1578670,1385500,531486,919224,973146,540314,63.65,69.97,synthetic,ECI_aggregate_estimate
PC532,Himachal Pradesh,Himachal Pradesh 469,2662844,1389513,1273331,519254,882198,794293,467099,83.95,73.73,synthetic,ECI_aggregate_estimate
PC533,Tripura,Tripura 470,2104718,1102886,1001832,461891,745838,622764,274225,74.81,48.59,synthetic,ECI_aggregate_estimate
PC534,Meghalaya,Meghalaya 471,3062641,1529384,1533257,643081,1095627,1010869,313064,73.35,73.3,synthetic,ECI_aggregate_estimate
PC535,Manipur,Manipur 472,1601526,792422,809104,341576,557124,503176,199650,78.3,81.56,synthetic,ECI_aggregate_estimate
PC536,Nagaland,Nagaland 473,2757073,1413741,1343332,435006,1017801,809876,494390,69.85,55.53,synthetic,ECI_aggregate_estimate
PC537,Goa,Goa 474,2297850,1139431,1158419,454889,860750,651571,330640,55.18,69.95,synthetic,ECI_aggregate_estimate
PC538,Arunachal Pradesh,Arunachal Pradesh 475,1712078,871568,840510,360862,533188,591166,226862,94.22,56.46,synthetic,ECI_aggregate_estimate
PC539,Mizoram,Mizoram 476,1994755,1035432,959323,396942,679777,622285,295751,61.29,63.53,synthetic,ECI_aggregate_estimate
PC540,Sikkim,Sikkim 477,2766923,1423604,1343319,546955,963312,812560,444096,93.55,60.39,synthetic,ECI_aggregate_estimate
PC541,Jammu and Kashmir,Jammu and Kashmir 478,2015098,985263,1029835,334454,702643,668510,309491,72.7,59.7,synthetic,ECI_aggregate_estimate
PC542,Ladakh,Ladakh 479,1082723,581573,501150,222570,382878,362311,114964,77.8,80.91,synthetic,ECI_aggregate_estimate
PC543,Uttar Pradesh,Uttar Pradesh 480,1774091,940780,833311,290791,643552,501225,338523,88.1,70.85,synthetic,ECI_aggregate_estimate
